strategy,network,n,k,loss,time_s,partition,error
Clustering_spectral,N25A,25,2,,0.0056,"[0, 1, 0, 1, 0, 0, 0, 0, 1, 0, 0, 0, 1, 0, 0, 1, 0, 1, 1, 0, 1, 1, 0, 0, 0]",
Clustering_kmeans,N25A,25,2,,0.0077,"[1, 1, 0, 1, 1, 1, 1, 1, 1, 1, 1, 1, 1, 0, 1, 1, 1, 1, 1, 0, 0, 0, 0, 1, 1]",
Clustering_spectral,N25A,25,3,,0.0028,"[0, 2, 0, 2, 1, 1, 1, 1, 2, 1, 0, 0, 0, 0, 1, 2, 0, 1, 0, 0, 2, 2, 0, 1, 0]",
Clustering_kmeans,N25A,25,3,,0.0099,"[1, 1, 0, 1, 1, 1, 1, 1, 1, 1, 1, 2, 2, 2, 2, 2, 1, 2, 1, 0, 0, 0, 0, 1, 2]",
Clustering_spectral,N25A,25,4,,0.0022,"[2, 1, 0, 1, 3, 0, 3, 0, 1, 3, 0, 2, 2, 2, 2, 1, 2, 3, 1, 0, 1, 1, 0, 3, 0]",
Clustering_kmeans,N25A,25,4,,0.0063,"[1, 1, 0, 3, 1, 1, 1, 1, 3, 3, 1, 2, 2, 2, 2, 2, 1, 2, 3, 0, 3, 0, 0, 1, 2]",
Clustering_spectral,N25A,25,5,,0.0024,"[4, 2, 0, 2, 3, 0, 0, 0, 2, 1, 0, 4, 4, 4, 3, 2, 4, 1, 2, 0, 2, 2, 0, 2, 2]",
Clustering_kmeans,N25A,25,5,,0.0081,"[4, 1, 0, 3, 1, 1, 1, 1, 3, 3, 1, 2, 4, 2, 2, 2, 4, 2, 3, 0, 3, 0, 0, 1, 2]",
